,X,quality_grade,taxon_species_name,taxon_kingdom_name,taxon_phylum_name,taxon_class_name,taxon_order_name,taxon_family_name,taxon_genus_name,Distribution,Size (cm),IUCNglobal,IUCNregional,trendGlobal,n
1,130,research,Boana pulchella,Animalia,Chordata,Amphibia,Anura,Hylidae,Boana,19,5,LC,LC,Stable,127
2,381,research,Chthonerpeton indistinctum,Animalia,Chordata,Amphibia,Gymnophiona,Typhlonectidae,Chthonerpeton,9,"43,5",LC,LC,Unknown,2
3,306,research,Dendropsophus minutus,Animalia,Chordata,Amphibia,Anura,Hylidae,Dendropsophus,2,"2,8",LC,EN,Stable,4
4,192,research,Dendropsophus sanborni,Animalia,Chordata,Amphibia,Anura,Hylidae,Dendropsophus,19,3,LC,LC,Stable,25
5,380,research,Elachistocleis bicolor,Animalia,Chordata,Amphibia,Anura,Microhylidae,Elachistocleis,19,"4,3",LC,LC,Stable,26
6,24,research,Leptodactylus gracilis,Animalia,Chordata,Amphibia,Anura,Leptodactylidae,Leptodactylus,19,"4,5",LC,LC,Stable,21
7,255,research,Leptodactylus latinasus,Animalia,Chordata,Amphibia,Anura,Leptodactylidae,Leptodactylus,19,4,LC,LC,Stable,38
8,165,research,Leptodactylus luctator,Animalia,Chordata,Amphibia,Anura,Leptodactylidae,Leptodactylus,19,12,LC,LC,Unknow,102
9,515,research,Leptodactylus macrosternum,Animalia,Chordata,Amphibia,Anura,Leptodactylidae,Leptodactylus,2,8,LC,NT,Unknown,4
10,101,research,Leptodactylus mystacinus,Animalia,Chordata,Amphibia,Anura,Leptodactylidae,Leptodactylus,19,6,LC,LC,Stable,35
11,281,research,Limnomedusa macroglossa,Animalia,Chordata,Amphibia,Anura,Alsodidae,Limnomedusa,19,"4,63",LC,LC,Stable,22
12,311,research,Lithobates catesbeianus,Animalia,Chordata,Amphibia,Anura,Ranidae,Lithobates,3,"20,3",LC,LC,Increasing,2
13,533,research,Melanophryniscus atroluteus,Animalia,Chordata,Amphibia,Anura,Bufonidae,Melanophryniscus,13,"2,8",LC,LC,Stable,2
14,20,research,Melanophryniscus montevidensis,Animalia,Chordata,Amphibia,Anura,Bufonidae,Melanophryniscus,4,3,VU,CR,Decreasing,73
15,578,research,Melanophryniscus pachyrhynus,Animalia,Chordata,Amphibia,Anura,Bufonidae,Melanophryniscus,2,"2,8",DD,EN,Unknown,1
16,162,research,Odontophrynus americanus,Animalia,Chordata,Amphibia,Anura,Odontophrynidae,Odontophrynus,19,"5,1",LC,LC,Stable,39
17,273,research,Phyllomedusa iheringii,Animalia,Chordata,Amphibia,Anura,Phyllomedusidae,Phyllomedusa,12,"7,5",LC,LC,Unknown,24
18,104,research,Physalaemus biligonigerus,Animalia,Chordata,Amphibia,Anura,Leptodactylidae,Physalaemus,12,4,LC,LC,Stable,17
19,178,research,Physalaemus gracilis,Animalia,Chordata,Amphibia,Anura,Leptodactylidae,Physalaemus,14,4,LC,LC,Stable,22
20,516,research,Physalaemus henselii,Animalia,Chordata,Amphibia,Anura,Leptodactylidae,Physalaemus,17,2,LC,LC,Stable,4
21,589,research,Physalaemus riograndensis,Animalia,Chordata,Amphibia,Anura,Leptodactylidae,Physalaemus,19,"1,7",LC,LC,Stable,1
22,382,research,Pleurodema bibroni,Animalia,Chordata,Amphibia,Anura,Leptodactylidae,Pleurodema,15,3,NT,NT,Decreasing,3
23,190,research,Pseudis minuta,Animalia,Chordata,Amphibia,Anura,Hylidae,Pseudis,19,5,LC,LC,Stable,54
24,216,research,Pseudopaludicola falcipes,Animalia,Chordata,Amphibia,Anura,Leptodactylidae,Pseudopaludicola,19,2,LC,LC,Stable,35
25,541,research,Rhinella achavali,Animalia,Chordata,Amphibia,Anura,Bufonidae,Rhinella,10,6,LC,NT,Stable,1
26,31,research,Rhinella arenarum,Animalia,Chordata,Amphibia,Anura,Bufonidae,Rhinella,10,"11,5",LC,LC,Stable,78
27,179,research,Rhinella diptycha,Animalia,Chordata,Amphibia,Anura,Bufonidae,Rhinella,4,25,LC,LC,Unknown,55
28,5,research,Rhinella dorbignyi,Animalia,Chordata,Amphibia,Anura,Bufonidae,Rhinella,10,7,LC,LC,Stable,94
29,217,research,Scinax fuscovarius,Animalia,Chordata,Amphibia,Anura,Hylidae,Scinax,5,"5,5",LC,LC,Stable,12
30,6,research,Scinax granulatus,Animalia,Chordata,Amphibia,Anura,Hylidae,Scinax,19,4,LC,LC,Stable,94
31,291,research,Scinax nasicus,Animalia,Chordata,Amphibia,Anura,Hylidae,Scinax,2,"3,9",LC,EN,Stable,13
32,241,research,Scinax squalirostris,Animalia,Chordata,Amphibia,Anura,Hylidae,Scinax,19,3,LC,LC,Stable,17
33,415,research,Scinax uruguayus,Animalia,Chordata,Amphibia,Anura,Hylidae,Scinax,17,"2,6",LC,LC,Stable,5
34,233,research,Accipiter bicolor,Animalia,Chordata,Aves,Accipitriformes,Accipitridae,Accipiter,11,35,LC,LC,Decreasing,14
35,135,research,Accipiter striatus,Animalia,Chordata,Aves,Accipitriformes,Accipitridae,Accipiter,19,26,LC,LC,Increasing,14
36,484,research,Actitis macularius,Animalia,Chordata,Aves,Charadriiformes,Scolopacidae,Actitis,8,17,LC,LC,Decreasing,5
38,157,research,Agelaioides badius,Animalia,Chordata,Aves,Passeriformes,Icteridae,Agelaioides,19,18,LC,LC,Stable,61
39,498,research,Agelasticus cyanopus,Animalia,Chordata,Aves,Passeriformes,Icteridae,Agelasticus,3,18,LC,NE,Stable,1
40,242,research,Agelasticus thilius,Animalia,Chordata,Aves,Passeriformes,Icteridae,Agelasticus,19,17,LC,LC,Stable,26
41,593,research,Agriornis murinus,Animalia,Chordata,Aves,Passeriformes,Tyrannidae,Agriornis,5,16,LC,NE,Stable,1
42,360,research,Alopochelidon fucata,Animalia,Chordata,Aves,Passeriformes,Hirundinidae,Alopochelidon,19,11,LC,LC,Stable,6
44,12,research,Amazonetta brasiliensis,Animalia,Chordata,Aves,Anseriformes,Anatidae,Amazonetta,19,36,LC,LC,Decreasing,71
45,322,research,Amblyramphus holosericeus,Animalia,Chordata,Aves,Passeriformes,Icteridae,Amblyramphus,19,22,LC,VU,Stable,25
46,80,research,Ammodramus humeralis,Animalia,Chordata,Aves,Passeriformes,Passerellidae,Ammodramus,19,11,LC,LC,Stable,24
47,550,research,Anairetes flavirostris,Animalia,Chordata,Aves,Passeriformes,Tyrannidae,Anairetes,1,11,LC,NE,Stable,2
48,419,research,Anas bahamensis,Animalia,Chordata,Aves,Anseriformes,Anatidae,Anas,19,39,LC,LC,Decreasing,4
49,113,research,Anas flavirostris,Animalia,Chordata,Aves,Anseriformes,Anatidae,Anas,19,34,LC,LC,Decreasing,71
50,260,research,Anas georgica,Animalia,Chordata,Aves,Anseriformes,Anatidae,Anas,19,44,LC,LC,Decreasing,25
52,480,research,Anhima cornuta,Animalia,Chordata,Aves,Anseriformes,Anhimidae,Anhima,1,84,LC,NE,Decreasing,2
53,471,research,Anhinga anhinga,Animalia,Chordata,Aves,Suliformes,Anhingidae,Anhinga,19,66,LC,LC,Decreasing,9
55,596,research,Anthracothorax nigricollis,Animalia,Chordata,Aves,Caprimulgiformes,Trochilidae,Anthracothorax,4,9,LC,NE,Stable,4
56,352,research,Anthus correndera,Animalia,Chordata,Aves,Passeriformes,Motacillidae,Anthus,19,14,LC,LC,Stable,8
57,432,research,Anthus furcatus,Animalia,Chordata,Aves,Passeriformes,Motacillidae,Anthus,19,14,LC,LC,Stable,12
58,325,research,Anthus hellmayri,Animalia,Chordata,Aves,Passeriformes,Motacillidae,Anthus,19,14,LC,LC,Stable,14
59,38,research,Anthus lutescens,Animalia,Chordata,Aves,Passeriformes,Motacillidae,Anthus,19,12,LC,LC,Decreasing,10
60,569,research,Anthus nattereri,Animalia,Chordata,Aves,Passeriformes,Motacillidae,Anthus,2,14,VU,VU,Decreasing,2
61,247,research,Anumbius annumbi,Animalia,Chordata,Aves,Passeriformes,Furnariidae,Anumbius,19,18,LC,LC,Increasing,29
62,4,research,Aramides cajaneus,Animalia,Chordata,Aves,Gruiformes,Rallidae,Aramides,19,36,LC,LC,Stable,68
63,606,research,Aramides saracura,Animalia,Chordata,Aves,Gruiformes,Rallidae,Aramides,1,36,LC,NE,Decreasing,1
64,29,research,Aramides ypecaha,Animalia,Chordata,Aves,Gruiformes,Rallidae,Aramides,19,45,LC,LC,Decreasing,80
65,47,research,Aramus guarauna,Animalia,Chordata,Aves,Gruiformes,Aramidae,Aramus,19,55,LC,LC,Stable,48
66,567,research,Aratinga nenday,Animalia,Chordata,Aves,Psittaciformes,Psittacidae,Aratinga,4,30,LC,NE,Increasing,2
67,82,research,Ardea alba,Animalia,Chordata,Aves,Pelecaniformes,Ardeidae,Ardea,19,65,LC,LC,Unknown,117
68,64,research,Ardea cocoi,Animalia,Chordata,Aves,Pelecaniformes,Ardeidae,Ardea,19,75,LC,LC,Stable,103
69,418,research,Ardenna gravis,Animalia,Chordata,Aves,Procellariiformes,Procellariidae,Ardenna,6,45,LC,LC,Stable,3
70,439,research,Ardenna grisea,Animalia,Chordata,Aves,Procellariiformes,Procellariidae,Ardenna,6,50,NT,NT,Decreasing,1
71,142,research,Arenaria interpres,Animalia,Chordata,Aves,Charadriiformes,Scolopacidae,Arenaria,5,22,LC,LC,Decreasing,18
72,586,research,Asio clamator,Animalia,Chordata,Aves,Strigiformes,Strigidae,Asio,19,38,LC,LC,Decreasing,1
73,272,research,Asio flammeus,Animalia,Chordata,Aves,Strigiformes,Strigidae,Asio,19,40,LC,NT,Decreasing,5
74,435,research,Asthenes baeri,Animalia,Chordata,Aves,Passeriformes,Furnariidae,Asthenes,19,14,LC,LC,Decreasing,6
75,563,research,Asthenes pyrrholeuca,Animalia,Chordata,Aves,Passeriformes,Furnariidae,Asthenes,18,16,LC,NE,Decreasing,2
76,26,research,Athene cunicularia,Animalia,Chordata,Aves,Strigiformes,Strigidae,Athene,19,25,LC,NT,Decreasing,96
77,200,research,Bartramia longicauda,Animalia,Chordata,Aves,Charadriiformes,Scolopacidae,Bartramia,19,26,LC,LC,Increasing,8
78,294,research,Basileuterus culicivorus,Animalia,Chordata,Aves,Passeriformes,Parulidae,Basileuterus,19,12,LC,LC,Decreasing,36
79,450,research,Botaurus pinnatus,Animalia,Chordata,Aves,Pelecaniformes,Ardeidae,Botaurus,13,62,LC,DD,Stable,4
80,494,research,Brotogeris chiriri,Animalia,Chordata,Aves,Psittaciformes,Psittacidae,Brotogeris,3,20,LC,NE,Decreasing,4
81,205,research,Bubo virginianus,Animalia,Chordata,Aves,Strigiformes,Strigidae,Bubo,19,51,LC,LC,Stable,36
82,109,research,Bubulcus ibis,Animalia,Chordata,Aves,Pelecaniformes,Ardeidae,Bubulcus,19,37,LC,LC,Increasing,32
83,507,research,Busarellus nigricollis,Animalia,Chordata,Aves,Accipitriformes,Accipitridae,Busarellus,7,48,LC,NE,Decreasing,1
84,299,research,Buteo swainsoni,Animalia,Chordata,Aves,Accipitriformes,Accipitridae,Buteo,19,48,LC,LC,Stable,11
85,27,research,Buteogallus meridionalis,Animalia,Chordata,Aves,Accipitriformes,Accipitridae,Buteogallus,19,51,LC,LC,Stable,48
86,487,research,Buteogallus urubitinga,Animalia,Chordata,Aves,Accipitriformes,Accipitridae,Buteogallus,16,61,LC,LC,Decreasing,7
87,206,research,Butorides striata,Animalia,Chordata,Aves,Pelecaniformes,Ardeidae,Butorides,19,34,LC,LC,Stable,30
88,372,research,Cacicus chrysopterus,Animalia,Chordata,Aves,Passeriformes,Icteridae,Cacicus,9,21,LC,LC,Stable,18
89,473,research,Cacicus haemorrhous,Animalia,Chordata,Aves,Passeriformes,Icteridae,Cacicus,1,24,LC,NE,Decreasing,2
90,495,research,Cacicus solitarius,Animalia,Chordata,Aves,Passeriformes,Icteridae,Cacicus,14,24,LC,NT,Stable,5
91,259,research,Cairina moschata,Animalia,Chordata,Aves,Anseriformes,Anatidae,Cairina,10,73,LC,EN,Decreasing,7
92,280,research,Calidris alba,Animalia,Chordata,Aves,Charadriiformes,Scolopacidae,Calidris,6,19,LC,LC,Unknown,18
93,476,research,Calidris bairdii,Animalia,Chordata,Aves,Charadriiformes,Scolopacidae,Calidris,10,17,LC,LC,Stable,6
94,326,research,Calidris canutus,Animalia,Chordata,Aves,Charadriiformes,Scolopacidae,Calidris,8,23,NT,EN,Decreasing,14
95,54,research,Calidris fuscicollis,Animalia,Chordata,Aves,Charadriiformes,Scolopacidae,Calidris,19,16,LC,LC,Decreasing,62
96,414,research,Calidris himantopus,Animalia,Chordata,Aves,Charadriiformes,Scolopacidae,Calidris,8,21,LC,LC,Increasing,8
97,167,research,Calidris melanotos,Animalia,Chordata,Aves,Charadriiformes,Scolopacidae,Calidris,19,20,LC,LC,Stable,20
98,509,research,Calidris minutilla,Animalia,Chordata,Aves,Charadriiformes,Scolopacidae,Calidris,2,13,LC,NE,Decreasing,2
99,147,research,Calidris subruficollis,Animalia,Chordata,Aves,Charadriiformes,Scolopacidae,Calidris,19,20,NT,VU,Decreasing,22
100,188,research,Callonetta leucophrys,Animalia,Chordata,Aves,Anseriformes,Anatidae,Callonetta,19,31,LC,LC,Decreasing,25
101,556,research,Calonectris diomedea,Animalia,Chordata,Aves,Procellariiformes,Procellariidae,Calonectris,1,50,LC,NE,Decreasing,NA
102,499,research,Campephilus leucopogon,Animalia,Chordata,Aves,Piciformes,Picidae,Campephilus,7,29,LC,VU,Stable,3
103,285,research,Camptostoma obsoletum,Animalia,Chordata,Aves,Passeriformes,Tyrannidae,Camptostoma,19,9,LC,LC,Stable,21
104,60,research,Caracara plancus,Animalia,Chordata,Aves,Falconiformes,Falconidae,Caracara,19,55,LC,LC,Increasing,155
105,243,research,Carduelis carduelis,Animalia,Chordata,Aves,Passeriformes,Fringillidae,Carduelis,14,12,LC,NE,Decreasing,14
106,160,research,Cariama cristata,Animalia,Chordata,Aves,Cariamiformes,Cariamidae,Cariama,19,70,LC,LC,Stable,26
107,544,research,Casiornis rufus,Animalia,Chordata,Aves,Passeriformes,Tyrannidae,Casiornis,1,16,LC,VU,Decreasing,5
108,43,research,Cathartes aura,Animalia,Chordata,Aves,Cathartiformes,Cathartidae,Cathartes,19,60,LC,LC,Stable,115
109,57,research,Cathartes burrovianus,Animalia,Chordata,Aves,Cathartiformes,Cathartidae,Cathartes,19,56,LC,LC,Stable,19
110,274,research,Certhiaxis cinnamomeus,Animalia,Chordata,Aves,Passeriformes,Furnariidae,Certhiaxis,19,13,LC,NT,Decreasing,10
111,587,research,Chaetura meridionalis,Animalia,Chordata,Aves,Caprimulgiformes,Apodidae,Chaetura,2,12,LC,NE,Stable,2
112,68,research,Charadrius collaris,Animalia,Chordata,Aves,Charadriiformes,Charadriidae,Charadrius,19,14,LC,LC,Decreasing,53
113,140,research,Charadrius falklandicus,Animalia,Chordata,Aves,Charadriiformes,Charadriidae,Charadrius,6,16,LC,LC,Stable,18
114,246,research,Charadrius modestus,Animalia,Chordata,Aves,Charadriiformes,Charadriidae,Charadrius,19,19,LC,LC,Unknown,20
115,50,research,Charadrius semipalmatus,Animalia,Chordata,Aves,Charadriiformes,Charadriidae,Charadrius,5,15,LC,LC,Stable,24
116,70,research,Chauna torquata,Animalia,Chordata,Aves,Anseriformes,Anhimidae,Chauna,19,85,LC,LC,Stable,108
117,489,research,Chionis albus,Animalia,Chordata,Aves,Charadriiformes,Chionidae,Chionis,4,37,LC,LC,Stable,8
118,397,research,Chloris chloris,Animalia,Chordata,Aves,Passeriformes,Fringillidae,Chloris,10,14,LC,NE,Stable,5
119,78,research,Chloroceryle amazona,Animalia,Chordata,Aves,Coraciiformes,Alcedinidae,Chloroceryle,19,26,LC,LC,Decreasing,33
120,89,research,Chloroceryle americana,Animalia,Chordata,Aves,Coraciiformes,Alcedinidae,Chloroceryle,19,18,LC,LC,Decreasing,53
121,481,research,Chlorophonia cyanocephala,Animalia,Chordata,Aves,Passeriformes,Fringillidae,Chlorophonia,1,10,LC,NE,Unknown,4
122,77,research,Chlorostilbon lucidus,Animalia,Chordata,Aves,Caprimulgiformes,Trochilidae,Chlorostilbon,19,7,LC,LC,Unknown,85
123,508,research,Chordeiles minor,Animalia,Chordata,Aves,Caprimulgiformes,Caprimulgidae,Chordeiles,19,22,LC,LC,Decreasing,2
124,201,research,Chordeiles nacunda,Animalia,Chordata,Aves,Caprimulgiformes,Caprimulgidae,Chordeiles,19,28,LC,LC,Stable,18
125,116,research,Chroicocephalus cirrocephalus,Animalia,Chordata,Aves,Charadriiformes,Laridae,Chroicocephalus,15,38,LC,LC,NA,16
126,51,research,Chroicocephalus maculipennis,Animalia,Chordata,Aves,Charadriiformes,Laridae,Chroicocephalus,19,35,LC,LC,NA,124
127,171,research,Chrysomus ruficapillus,Animalia,Chordata,Aves,Passeriformes,Icteridae,Chrysomus,19,17,LC,LC,Stable,30
128,48,research,Ciconia maguari,Animalia,Chordata,Aves,Ciconiiformes,Ciconiidae,Ciconia,19,85,LC,LC,Stable,91
129,304,research,Cinclodes fuscus,Animalia,Chordata,Aves,Passeriformes,Furnariidae,Cinclodes,19,16,LC,LC,Stable,15
130,149,research,Circus buffoni,Animalia,Chordata,Aves,Accipitriformes,Accipitridae,Circus,19,52,LC,LC,Decreasing,46
131,286,research,Circus cinereus,Animalia,Chordata,Aves,Accipitriformes,Accipitridae,Circus,19,48,LC,VU,Decreasing,8
132,334,research,Cistothorus platensis,Animalia,Chordata,Aves,Passeriformes,Troglodytidae,Cistothorus,16,10,LC,VU,Increasing,9
133,564,research,Cnemotriccus fuscatus,Animalia,Chordata,Aves,Passeriformes,Tyrannidae,Cnemotriccus,1,12,LC,NE,Decreasing,2
134,346,research,Coccycua cinerea,Animalia,Chordata,Aves,Cuculiformes,Cuculidae,Coccycua,19,22,LC,LC,Decreasing,3
135,388,research,Coccyzus melacoryphus,Animalia,Chordata,Aves,Cuculiformes,Cuculidae,Coccyzus,19,28,LC,LC,Stable,9
136,510,research,Coereba flaveola,Animalia,Chordata,Aves,Passeriformes,Thraupidae,Coereba,6,10,LC,NE,Decreasing,4
137,10,research,Colaptes campestris,Animalia,Chordata,Aves,Piciformes,Picidae,Colaptes,19,27,LC,LC,Increasing,70
138,35,research,Colaptes melanochloros,Animalia,Chordata,Aves,Piciformes,Picidae,Colaptes,19,23,LC,LC,Stable,124
139,117,research,Columba livia,Animalia,Chordata,Aves,Columbiformes,Columbidae,Columba,19,33,LC,NE,Decreasing,28
140,250,research,Columbina picui,Animalia,Chordata,Aves,Columbiformes,Columbidae,Columbina,19,15,LC,LC,Stable,34
141,461,research,Columbina talpacoti,Animalia,Chordata,Aves,Columbiformes,Columbidae,Columbina,19,15,LC,LC,Increasing,10
142,528,research,Conopophaga lineata,Animalia,Chordata,Aves,Passeriformes,Conopophagidae,Conopophaga,1,11,LC,NT,Stable,3
143,58,research,Coragyps atratus,Animalia,Chordata,Aves,Cathartiformes,Cathartidae,Coragyps,19,53,LC,LC,Increasing,37
145,474,research,Coryphistera alaudina,Animalia,Chordata,Aves,Passeriformes,Furnariidae,Coryphistera,6,15,LC,NT,Stable,12
146,436,research,Coryphospingus cucullatus,Animalia,Chordata,Aves,Passeriformes,Thraupidae,Coryphospingus,19,12,LC,LC,Stable,14
147,136,research,Coscoroba coscoroba,Animalia,Chordata,Aves,Anseriformes,Anatidae,Coscoroba,19,71,LC,LC,Stable,44
148,302,research,Cranioleuca pyrrhophia,Animalia,Chordata,Aves,Passeriformes,Furnariidae,Cranioleuca,19,14,LC,LC,Stable,39
149,539,research,Crotophaga ani,Animalia,Chordata,Aves,Cuculiformes,Cuculidae,Crotophaga,15,32,LC,LC,Stable,5
150,521,research,Crotophaga major,Animalia,Chordata,Aves,Cuculiformes,Cuculidae,Crotophaga,6,42,LC,VU,Stable,1
151,531,research,Crypturellus obsoletus,Animalia,Chordata,Aves,Tinamiformes,Tinamidae,Crypturellus,1,30,LC,VU,Stable,2
152,559,research,Culicivora caudacuta,Animalia,Chordata,Aves,Passeriformes,Tyrannidae,Culicivora,2,10,VU,VU,Decreasing,1
153,535,research,Cyanocorax caeruleus,Animalia,Chordata,Aves,Passeriformes,Corvidae,Cyanocorax,2,35,NT,VU,Unknow,2
154,61,research,Cyanocorax chrysops,Animalia,Chordata,Aves,Passeriformes,Corvidae,Cyanocorax,16,32,LC,LC,Decreasing,26
155,438,research,Cyanoloxia brissonii,Animalia,Chordata,Aves,Passeriformes,Cardinalidae,Cyanoloxia,19,16,LC,NT,Unknown,9
156,340,research,Cyanoloxia glaucocaerulea,Animalia,Chordata,Aves,Passeriformes,Cardinalidae,Cyanoloxia,19,14,LC,LC,Decreasing,33
157,275,research,Cyclarhis gujanensis,Animalia,Chordata,Aves,Passeriformes,Vireonidae,Cyclarhis,19,16,LC,LC,Decreasing,48
158,127,research,Cygnus melancoryphus,Animalia,Chordata,Aves,Anseriformes,Anatidae,Cygnus,19,90,LC,LC,Stable,34
159,422,research,Dendrocolaptes platyrostris,Animalia,Chordata,Aves,Passeriformes,Furnariidae,Dendrocolaptes,1,25,LC,NE,Stable,7
160,500,research,Dendrocygna autumnalis,Animalia,Chordata,Aves,Anseriformes,Anatidae,Dendrocygna,9,41,LC,NE,Increasing,8
161,141,research,Dendrocygna bicolor,Animalia,Chordata,Aves,Anseriformes,Anatidae,Dendrocygna,19,41,LC,LC,Decreasing,8
162,72,research,Dendrocygna viduata,Animalia,Chordata,Aves,Anseriformes,Anatidae,Dendrocygna,19,42,LC,LC,Increasing,36
163,367,research,Diomedea epomophora,Animalia,Chordata,Aves,Procellariiformes,Diomedeidae,Diomedea,6,115,VU,NT,Stable,1
164,585,research,Dolichonyx oryzivorus,Animalia,Chordata,Aves,Passeriformes,Icteridae,Dolichonyx,1,16,LC,NE,Decreasing,1
165,256,research,Donacospiza albifrons,Animalia,Chordata,Aves,Passeriformes,Thraupidae,Donacospiza,19,14,LC,LC,Stable,33
166,146,research,Drymornis bridgesii,Animalia,Chordata,Aves,Passeriformes,Furnariidae,Drymornis,19,26,LC,LC,Stable,27
167,287,research,Dryobates mixtus,Animalia,Chordata,Aves,Piciformes,Picidae,Dryobates,7,16,LC,NT,Unknown,12
168,209,research,Dryobates spilogaster,Animalia,Chordata,Aves,Piciformes,Picidae,Dryobates,19,14,LC,LC,NA,41
169,420,research,Egretta caerulea,Animalia,Chordata,Aves,Pelecaniformes,Ardeidae,Egretta,12,40,LC,NE,Decreasing,10
170,18,research,Egretta thula,Animalia,Chordata,Aves,Pelecaniformes,Ardeidae,Egretta,19,39,LC,LC,Increasing,130
171,359,research,Elaenia albiceps,Animalia,Chordata,Aves,Passeriformes,Tyrannidae,Elaenia,13,13,LC,NE,Stable,6
172,561,research,Elaenia flavogaster,Animalia,Chordata,Aves,Passeriformes,Tyrannidae,Elaenia,5,14,LC,NE,Stable,1
173,560,research,Elaenia mesoleuca,Animalia,Chordata,Aves,Passeriformes,Tyrannidae,Elaenia,7,14,LC,LC,Decreasing,3
174,33,research,Elaenia parvirostris,Animalia,Chordata,Aves,Passeriformes,Tyrannidae,Elaenia,19,13,LC,LC,Stable,40
175,240,research,Elaenia sordida,Animalia,Chordata,Aves,Passeriformes,Tyrannidae,Elaenia,7,16,LC,NT,Stable,18
176,455,research,Elaenia spectabilis,Animalia,Chordata,Aves,Passeriformes,Tyrannidae,Elaenia,7,16,LC,NT,Decreasing,4
177,409,research,Elanoides forficatus,Animalia,Chordata,Aves,Accipitriformes,Accipitridae,Elanoides,9,56,LC,NE,Increasing,1
178,254,research,Elanus leucurus,Animalia,Chordata,Aves,Accipitriformes,Accipitridae,Elanus,19,40,LC,LC,Increasing,8
179,562,research,Emberizoides herbicola,Animalia,Chordata,Aves,Passeriformes,Thraupidae,Emberizoides,3,18,LC,NT,Decreasing,5
180,197,research,Emberizoides ypiranganus,Animalia,Chordata,Aves,Passeriformes,Thraupidae,Emberizoides,12,16,LC,VU,Stable,5
181,34,research,Embernagra platensis,Animalia,Chordata,Aves,Passeriformes,Thraupidae,Embernagra,19,20,LC,LC,Stable,93
182,300,research,Empidonomus aurantioatrocristatus,Animalia,Chordata,Aves,Passeriformes,Tyrannidae,Empidonomus,14,17,LC,LC,Unknown,8
183,366,research,Empidonomus varius,Animalia,Chordata,Aves,Passeriformes,Tyrannidae,Empidonomus,10,17,LC,LC,Stable,11
184,279,research,Eudyptes chrysolophus,Animalia,Chordata,Aves,Sphenisciformes,Spheniscidae,Eudyptes,1,10,VU,VU,Decreasing,1
185,501,research,Eupetomena macroura,Animalia,Chordata,Aves,Caprimulgiformes,Trochilidae,Eupetomena,3,17,LC,NE,Unknown,4
186,486,research,Euphonia chlorotica,Animalia,Chordata,Aves,Passeriformes,Fringillidae,Euphonia,3,9,LC,NE,Stable,11
187,341,research,Euscarthmus meloryphus,Animalia,Chordata,Aves,Passeriformes,Tyrannidae,Euscarthmus,19,10,LC,LC,Increasing,7
188,137,research,Falco femoralis,Animalia,Chordata,Aves,Falconiformes,Falconidae,Falco,19,35,LC,LC,Decreasing,16
189,320,research,Falco peregrinus,Animalia,Chordata,Aves,Falconiformes,Falconidae,Falco,19,39,LC,LC,Increasing,9
190,184,research,Falco sparverius,Animalia,Chordata,Aves,Falconiformes,Falconidae,Falco,19,26,LC,LC,Stable,97
191,431,research,Florisuga fusca,Animalia,Chordata,Aves,Caprimulgiformes,Trochilidae,Florisuga,14,9,LC,LC,Unknown,8
192,482,research,Fluvicola albiventer,Animalia,Chordata,Aves,Passeriformes,Tyrannidae,Fluvicola,11,12,LC,NT,Stable,3
193,595,research,Fluvicola nengeta,Animalia,Chordata,Aves,Passeriformes,Tyrannidae,Fluvicola,2,15,LC,NE,Increasing,1
194,374,research,Fregata magnificens,Animalia,Chordata,Aves,Suliformes,Fregatidae,Fregata,6,65,LC,LC,Decreasing,17
195,22,research,Fulica armillata,Animalia,Chordata,Aves,Gruiformes,Rallidae,Fulica,19,35,LC,LC,Unknown,26
196,395,research,Fulica leucoptera,Animalia,Chordata,Aves,Gruiformes,Rallidae,Fulica,19,30,LC,LC,Stable,9
197,394,research,Fulica rufifrons,Animalia,Chordata,Aves,Gruiformes,Rallidae,Fulica,19,32,LC,LC,Stable,6
198,63,research,Furnarius rufus,Animalia,Chordata,Aves,Passeriformes,Furnariidae,Furnarius,19,18,LC,LC,Increasing,235
199,591,research,Gallinago magellanica,Animalia,Chordata,Aves,Charadriiformes,Scolopacidae,Gallinago,1,27,LC,NE,Decreasing,1
200,172,research,Gallinago paraguaiae,Animalia,Chordata,Aves,Charadriiformes,Scolopacidae,Gallinago,19,25,LC,LC,Stable,33
201,110,research,Gallinula galeata,Animalia,Chordata,Aves,Gruiformes,Rallidae,Gallinula,19,33,LC,LC,Stable,44
202,570,research,Gelochelidon nilotica,Animalia,Chordata,Aves,Charadriiformes,Laridae,Gelochelidon,15,34,LC,LC,Decreasing,2
203,155,research,Geositta cunicularia,Animalia,Chordata,Aves,Passeriformes,Furnariidae,Geositta,19,14,LC,LC,Decreasing,26
204,210,research,Geothlypis aequinoctialis,Animalia,Chordata,Aves,Passeriformes,Parulidae,Geothlypis,19,13,LC,LC,Stable,32
205,460,research,Geotrygon montana,Animalia,Chordata,Aves,Columbiformes,Columbidae,Geotrygon,1,22,LC,NE,Decreasing,1
206,88,research,Geranoaetus albicaudatus,Animalia,Chordata,Aves,Accipitriformes,Accipitridae,Geranoaetus,19,53,LC,LC,Unknown,39
207,222,research,Geranoaetus melanoleucus,Animalia,Chordata,Aves,Accipitriformes,Accipitridae,Geranoaetus,19,65,LC,VU,Stable,35
208,343,research,Geranospiza caerulescens,Animalia,Chordata,Aves,Accipitriformes,Accipitridae,Geranospiza,19,46,LC,LC,Decreasing,9
209,364,research,Glaucidium brasilianum,Animalia,Chordata,Aves,Strigiformes,Strigidae,Glaucidium,19,18,LC,LC,Decreasing,15
210,309,research,Gnorimopsar chopi,Animalia,Chordata,Aves,Passeriformes,Icteridae,Gnorimopsar,15,22,LC,LC,Stable,13
211,488,research,Gubernatrix cristata,Animalia,Chordata,Aves,Passeriformes,Thraupidae,Gubernatrix,15,18,EN,EN,Decreasing,4
212,297,research,Gubernetes yetapa,Animalia,Chordata,Aves,Passeriformes,Tyrannidae,Gubernetes,1,40,LC,NE,Stable,1
213,53,research,Guira guira,Animalia,Chordata,Aves,Cuculiformes,Cuculidae,Guira,19,36,LC,LC,Increasing,100
214,305,research,Haematopus ater,Animalia,Chordata,Aves,Charadriiformes,Haematopodidae,Haematopus,2,36,LC,NE,Unknown,3
215,3,research,Haematopus palliatus,Animalia,Chordata,Aves,Charadriiformes,Haematopodidae,Haematopus,8,35,LC,LC,Stable,111
216,576,research,Halobaena caerulea,Animalia,Chordata,Aves,Procellariiformes,Procellariidae,Halobaena,6,29,LC,NE,Decreasing,1
217,529,research,Heliobletus contaminatus,Animalia,Chordata,Aves,Passeriformes,Furnariidae,Heliobletus,1,12,LC,NE,Decreasing,9
218,308,research,Heliomaster furcifer,Animalia,Chordata,Aves,Caprimulgiformes,Trochilidae,Heliomaster,10,10,LC,LC,Decreasing,17
219,602,research,Hemithraupis guira,Animalia,Chordata,Aves,Passeriformes,Thraupidae,Hemithraupis,1,12,LC,NE,Decreasing,1
220,485,research,Hemithraupis ruficapilla,Animalia,Chordata,Aves,Passeriformes,Thraupidae,Hemithraupis,1,13,LC,NE,Stable,2
221,456,research,Hemitriccus margaritaceiventer,Animalia,Chordata,Aves,Passeriformes,Tyrannidae,Hemitriccus,6,10,LC,NT,Stable,11
222,502,research,Heteronetta atricapilla,Animalia,Chordata,Aves,Anseriformes,Anatidae,Heteronetta,14,36,LC,DD,Stable,4
223,30,research,Heteroxolmis dominicana,Animalia,Chordata,Aves,Passeriformes,Tyrannidae,Heteroxolmis,17,19,VU,VU,Unknow,36
224,75,research,Himantopus mexicanus,Animalia,Chordata,Aves,Charadriiformes,Recurvirostridae,Himantopus,19,38,LC,LC,NA,69
225,153,research,Hirundinea ferruginea,Animalia,Chordata,Aves,Passeriformes,Tyrannidae,Hirundinea,11,16,LC,LC,Increasing,9
226,253,research,Hirundo rustica,Animalia,Chordata,Aves,Passeriformes,Hirundinidae,Hirundo,19,16,LC,LC,Decreasing,13
227,169,research,Hydropsalis torquata,Animalia,Chordata,Aves,Caprimulgiformes,Caprimulgidae,Hydropsalis,19,40,LC,LC,Stable,41
228,131,research,Hylocharis chrysura,Animalia,Chordata,Aves,Caprimulgiformes,Trochilidae,Hylocharis,19,8,LC,LC,Increasing,74
229,59,research,Hymenops perspicillatus,Animalia,Chordata,Aves,Passeriformes,Tyrannidae,Hymenops,19,13,LC,LC,Stable,48
230,65,research,Icterus pyrrhopterus,Animalia,Chordata,Aves,Passeriformes,Icteridae,Icterus,19,19,LC,LC,Stable,35
231,451,research,Ictinia mississippiensis,Animalia,Chordata,Aves,Accipitriformes,Accipitridae,Ictinia,2,37,LC,NE,Increasing,7
232,174,research,Ixobrychus involucris,Animalia,Chordata,Aves,Pelecaniformes,Ardeidae,Ixobrychus,13,28,LC,LC,Stable,5
233,581,research,Jabiru mycteria,Animalia,Chordata,Aves,Ciconiiformes,Ciconiidae,Jabiru,5,110,LC,NE,Unknown,2
234,74,research,Jacana jacana,Animalia,Chordata,Aves,Charadriiformes,Jacanidae,Jacana,19,25,LC,LC,Stable,54
235,266,research,Knipolegus cyanirostris,Animalia,Chordata,Aves,Passeriformes,Tyrannidae,Knipolegus,19,14,LC,LC,Decreasing,35
236,298,research,Knipolegus lophotes,Animalia,Chordata,Aves,Passeriformes,Tyrannidae,Knipolegus,13,19,LC,LC,Stable,21
237,2,research,Larus atlanticus,Animalia,Chordata,Aves,Charadriiformes,Laridae,Larus,6,48,NT,EN,Stable,47
238,16,research,Larus dominicanus,Animalia,Chordata,Aves,Charadriiformes,Laridae,Larus,16,55,LC,LC,Increasing,152
239,492,research,Laterallus leucopyrrhus,Animalia,Chordata,Aves,Gruiformes,Rallidae,Laterallus,19,17,LC,LC,Unknown,2
240,427,research,Laterallus melanophaius,Animalia,Chordata,Aves,Gruiformes,Rallidae,Laterallus,19,18,LC,LC,Unknown,14
241,503,research,Lathrotriccus euleri,Animalia,Chordata,Aves,Passeriformes,Tyrannidae,Lathrotriccus,19,12,LC,LC,Stable,7
242,316,research,Leistes defilippii,Animalia,Chordata,Aves,Passeriformes,Icteridae,Leistes,1,19,VU,EN,Decreasing,4
243,71,research,Leistes superciliaris,Animalia,Chordata,Aves,Passeriformes,Icteridae,Leistes,19,17,LC,LC,Stable,30
244,122,research,Lepidocolaptes angustirostris,Animalia,Chordata,Aves,Passeriformes,Furnariidae,Lepidocolaptes,19,18,LC,LC,Increasing,43
245,423,research,Lepidocolaptes falcinellus,Animalia,Chordata,Aves,Passeriformes,Furnariidae,Lepidocolaptes,1,17,LC,NT,Stable,9
246,361,research,Leptasthenura platensis,Animalia,Chordata,Aves,Passeriformes,Furnariidae,Leptasthenura,19,16,LC,LC,Stable,9
247,519,research,Leptopogon amaurocephalus,Animalia,Chordata,Aves,Passeriformes,Tyrannidae,Leptopogon,1,12,LC,NE,Decreasing,1
248,270,research,Leptotila rufaxilla,Animalia,Chordata,Aves,Columbiformes,Columbidae,Leptotila,11,25,LC,LC,Decreasing,4
249,258,research,Leptotila verreauxi,Animalia,Chordata,Aves,Columbiformes,Columbidae,Leptotila,19,26,LC,LC,Stable,21
250,262,research,Lessonia rufa,Animalia,Chordata,Aves,Passeriformes,Tyrannidae,Lessonia,19,11,LC,LC,Stable,18
251,549,research,Leucocarbo atriceps,Animalia,Chordata,Aves,Suliformes,Phalacrocoracidae,Leucocarbo,1,NE,LC,NE,Unknown,2
252,120,research,Leucochloris albicollis,Animalia,Chordata,Aves,Caprimulgiformes,Trochilidae,Leucochloris,19,8,LC,LC,Unknown,53
253,584,research,Leucophaeus pipixcan,Animalia,Chordata,Aves,Charadriiformes,Laridae,Leucophaeus,5,33,LC,NE,Unknow,1
254,211,research,Limnoctites rectirostris,Animalia,Chordata,Aves,Passeriformes,Furnariidae,Limnoctites,13,15,NT,VU,Decreasing,15
255,276,research,Limnoctites sulphuriferus,Animalia,Chordata,Aves,Passeriformes,Furnariidae,Limnoctites,18,15,LC,NT,Unknown,11
256,483,research,Limnornis curvirostris,Animalia,Chordata,Aves,Passeriformes,Furnariidae,Limnornis,14,16,LC,VU,Stable,8
257,139,research,Limosa haemastica,Animalia,Chordata,Aves,Charadriiformes,Scolopacidae,Limosa,10,34,LC,LC,Decreasing,20
258,229,research,Lochmias nematura,Animalia,Chordata,Aves,Passeriformes,Furnariidae,Lochmias,19,13,LC,LC,Decreasing,24
259,119,research,Machetornis rixosa,Animalia,Chordata,Aves,Passeriformes,Tyrannidae,Machetornis,19,17,LC,LC,Stable,67
260,349,research,Mackenziaena leachii,Animalia,Chordata,Aves,Passeriformes,Thamnophilidae,Mackenziaena,1,25,LC,NE,Decreasing,19
261,238,research,Macronectes giganteus,Animalia,Chordata,Aves,Procellariiformes,Procellariidae,Macronectes,6,95,LC,LC,Increasing,27
262,428,research,Macronectes halli,Animalia,Chordata,Aves,Procellariiformes,Procellariidae,Macronectes,6,90,LC,LC,Increasing,7
263,405,research,Mareca sibilatrix,Animalia,Chordata,Aves,Anseriformes,Anatidae,Mareca,16,43,LC,LC,Stable,8
264,125,research,Megaceryle torquata,Animalia,Chordata,Aves,Coraciiformes,Alcedinidae,Megaceryle,19,36,LC,LC,Stable,23
265,542,research,Megarynchus pitangua,Animalia,Chordata,Aves,Passeriformes,Tyrannidae,Megarynchus,4,21,LC,NE,Stable,5
266,168,research,Megascops choliba,Animalia,Chordata,Aves,Strigiformes,Strigidae,Megascops,19,23,LC,LC,Decreasing,30
267,490,research,Megascops sanctaecatarinae,Animalia,Chordata,Aves,Strigiformes,Strigidae,Megascops,9,28,LC,NT,Decreasing,3
268,504,research,Melanerpes cactorum,Animalia,Chordata,Aves,Piciformes,Picidae,Melanerpes,6,16,LC,VU,Decreasing,9
269,208,research,Melanerpes candidus,Animalia,Chordata,Aves,Piciformes,Picidae,Melanerpes,19,24,LC,LC,Increasing,28
271,339,research,Microspingus cabanisi,Animalia,Chordata,Aves,Passeriformes,Thraupidae,Microspingus,19,13,LC,LC,Decreasing,28
272,437,research,Microspingus melanoleucus,Animalia,Chordata,Aves,Passeriformes,Thraupidae,Microspingus,19,12,LC,LC,Stable,12
273,594,research,Microspingus torquatus,Animalia,Chordata,Aves,Passeriformes,Thraupidae,Microspingus,1,14,LC,NE,Stable,1
274,342,research,Milvago chimachima,Animalia,Chordata,Aves,Falconiformes,Falconidae,Milvago,19,37,LC,LC,Increasing,26
275,14,research,Milvago chimango,Animalia,Chordata,Aves,Falconiformes,Falconidae,Milvago,19,37,LC,LC,NA,84
276,17,research,Mimus saturninus,Animalia,Chordata,Aves,Passeriformes,Mimidae,Mimus,19,25,LC,LC,Stable,206
277,267,research,Mimus triurus,Animalia,Chordata,Aves,Passeriformes,Mimidae,Mimus,19,20,LC,LC,Unknown,20
278,115,research,Molothrus bonariensis,Animalia,Chordata,Aves,Passeriformes,Icteridae,Molothrus,19,19,LC,LC,Increasing,123
279,377,research,Molothrus rufoaxillaris,Animalia,Chordata,Aves,Passeriformes,Icteridae,Molothrus,19,18,LC,LC,Stable,18
280,375,research,Muscisaxicola albilora,Animalia,Chordata,Aves,Passeriformes,Tyrannidae,Muscisaxicola,1,17,LC,NE,Stable,1
281,398,research,Muscisaxicola maclovianus,Animalia,Chordata,Aves,Passeriformes,Tyrannidae,Muscisaxicola,12,15,LC,LC,Decreasing,7
282,579,research,Mustelirallus albicollis,Animalia,Chordata,Aves,Gruiformes,Rallidae,Mustelirallus,1,21,LC,NE,Unknown,1
283,193,research,Mycteria americana,Animalia,Chordata,Aves,Ciconiiformes,Ciconiidae,Mycteria,19,65,LC,LC,Decreasing,40
284,543,research,Myiarchus ferox,Animalia,Chordata,Aves,Passeriformes,Tyrannidae,Myiarchus,1,18,LC,NE,Stable,6
285,123,research,Myiarchus swainsoni,Animalia,Chordata,Aves,Passeriformes,Tyrannidae,Myiarchus,19,18,LC,LC,Stable,16
286,511,research,Myiarchus tyrannulus,Animalia,Chordata,Aves,Passeriformes,Tyrannidae,Myiarchus,1,18,LC,NE,Increasing,5
287,191,research,Myiodynastes maculatus,Animalia,Chordata,Aves,Passeriformes,Tyrannidae,Myiodynastes,19,19,LC,LC,Stable,25
288,566,research,Myiopagis viridicata,Animalia,Chordata,Aves,Passeriformes,Tyrannidae,Myiopagis,3,12,LC,DD,Stable,3
289,257,research,Myiophobus fasciatus,Animalia,Chordata,Aves,Passeriformes,Tyrannidae,Myiophobus,19,12,LC,LC,Increasing,31
290,9,research,Myiopsitta monachus,Animalia,Chordata,Aves,Psittaciformes,Psittacidae,Myiopsitta,19,27,LC,LC,Increasing,151
291,337,research,Myiothlypis leucoblephara,Animalia,Chordata,Aves,Passeriformes,Parulidae,Myiothlypis,19,12,LC,LC,Decreasing,13
292,15,research,Nannopterum brasilianum,Animalia,Chordata,Aves,Suliformes,Phalacrocoracidae,Nannopterum,19,63,LC,LC,Unknown,135
293,568,research,Nemosia pileata,Animalia,Chordata,Aves,Passeriformes,Thraupidae,Nemosia,1,13,LC,NE,Stable,1
294,81,research,Nengetus cinereus,Animalia,Chordata,Aves,Passeriformes,Tyrannidae,Nengetus,19,20,LC,LC,Unknown,63
295,479,research,Neoxolmis coronatus,Animalia,Chordata,Aves,Passeriformes,Tyrannidae,Neoxolmis,13,20,LC,NE,Unknown,4
296,442,research,Neoxolmis rufiventris,Animalia,Chordata,Aves,Passeriformes,Tyrannidae,Neoxolmis,16,23,LC,VU,Unknown,5
297,421,research,Netta peposaca,Animalia,Chordata,Aves,Anseriformes,Anatidae,Netta,19,46,LC,LC,Increasing,8
298,402,research,Nomonyx dominicus,Animalia,Chordata,Aves,Anseriformes,Anatidae,Nomonyx,13,33,LC,DD,Stable,10
299,95,research,Nothura maculosa,Animalia,Chordata,Aves,Tinamiformes,Tinamidae,Nothura,19,25,LC,LC,Decreasing,60
300,496,research,Numenius phaeopus,Animalia,Chordata,Aves,Charadriiformes,Scolopacidae,Numenius,3,37,LC,NE,Decreasing,3
301,491,research,Nyctibius griseus,Animalia,Chordata,Aves,Caprimulgiformes,Nyctibiidae,Nyctibius,7,35,LC,LC,Decreasing,9
302,45,research,Nycticorax nycticorax,Animalia,Chordata,Aves,Pelecaniformes,Ardeidae,Nycticorax,19,47,LC,LC,Decreasing,37
303,454,research,Nycticryphes semicollaris,Animalia,Chordata,Aves,Charadriiformes,Rostratulidae,Nycticryphes,19,19,LC,LC,Decreasing,4
304,592,research,Nyctidromus albicollis,Animalia,Chordata,Aves,Caprimulgiformes,Caprimulgidae,Nyctidromus,2,29,LC,DD,Stable,2
305,557,research,Oceanites oceanicus,Animalia,Chordata,Aves,Procellariiformes,Oceanitidae,Oceanites,6,17,LC,LC,Stable,1
306,333,research,Oreopholus ruficollis,Animalia,Chordata,Aves,Charadriiformes,Charadriidae,Oreopholus,19,27,LC,EN,Decreasing,8
307,443,research,Oxyura vittata,Animalia,Chordata,Aves,Anseriformes,Anatidae,Oxyura,9,35,LC,LC,Stable,10
308,512,research,Pachyptila belcheri,Animalia,Chordata,Aves,Procellariiformes,Procellariidae,Pachyptila,6,26,LC,LC,Stable,1
309,148,research,Pachyramphus polychopterus,Animalia,Chordata,Aves,Passeriformes,Tityridae,Pachyramphus,19,15,LC,LC,Stable,12
310,505,research,Pachyramphus validus,Animalia,Chordata,Aves,Passeriformes,Tityridae,Pachyramphus,2,17,LC,DD,Decreasing,9
311,198,research,Pachyramphus viridis,Animalia,Chordata,Aves,Passeriformes,Tityridae,Pachyramphus,16,14,LC,LC,Stable,24
312,329,research,Pandion haliaetus,Animalia,Chordata,Aves,Accipitriformes,Pandionidae,Pandion,13,58,LC,LC,Increasing,14
313,111,research,Parabuteo unicinctus,Animalia,Chordata,Aves,Accipitriformes,Accipitridae,Parabuteo,19,50,LC,LC,Decreasing,72
314,545,research,Pardirallus maculatus,Animalia,Chordata,Aves,Gruiformes,Rallidae,Pardirallus,15,26,LC,LC,Stable,1
315,228,research,Pardirallus sanguinolentus,Animalia,Chordata,Aves,Gruiformes,Rallidae,Pardirallus,19,29,LC,LC,Stable,24
316,466,research,Paroaria capitata,Animalia,Chordata,Aves,Passeriformes,Thraupidae,Paroaria,5,16,LC,NT,Stable,9
317,1,research,Paroaria coronata,Animalia,Chordata,Aves,Passeriformes,Thraupidae,Paroaria,19,17,LC,LC,Stable,201
318,100,research,Passer domesticus,Animalia,Chordata,Aves,Passeriformes,Passeridae,Passer,19,13,LC,NE,Decreasing,73
319,468,research,Patagioenas cayennensis,Animalia,Chordata,Aves,Columbiformes,Columbidae,Patagioenas,10,30,LC,DD,Decreasing,7
320,99,research,Patagioenas maculosa,Animalia,Chordata,Aves,Columbiformes,Columbidae,Patagioenas,19,33,LC,LC,Increasing,60
321,86,research,Patagioenas picazuro,Animalia,Chordata,Aves,Columbiformes,Columbidae,Patagioenas,19,35,LC,LC,Increasing,73
322,158,research,Penelope obscura,Animalia,Chordata,Aves,Galliformes,Cracidae,Penelope,19,69,LC,LC,Decreasing,65
323,389,research,Petrochelidon pyrrhonota,Animalia,Chordata,Aves,Passeriformes,Hirundinidae,Petrochelidon,19,14,LC,LC,Increasing,3
324,530,research,Phacellodomus ferrugineigula,Animalia,Chordata,Aves,Passeriformes,Furnariidae,Phacellodomus,2,18,LC,NT,Stable,5
325,478,research,Phacellodomus ruber,Animalia,Chordata,Aves,Passeriformes,Furnariidae,Phacellodomus,4,18,LC,DD,Decreasing,4
326,379,research,Phacellodomus sibilatrix,Animalia,Chordata,Aves,Passeriformes,Furnariidae,Phacellodomus,15,12,LC,NT,Decreasing,3
327,264,research,Phacellodomus striaticollis,Animalia,Chordata,Aves,Passeriformes,Furnariidae,Phacellodomus,19,16,LC,LC,Stable,33
328,472,research,Phaetusa simplex,Animalia,Chordata,Aves,Charadriiformes,Laridae,Phaetusa,15,38,LC,LC,Stable,11
329,445,research,Phalaropus tricolor,Animalia,Chordata,Aves,Charadriiformes,Scolopacidae,Phalaropus,19,21,LC,LC,NA,7
330,83,research,Phimosus infuscatus,Animalia,Chordata,Aves,Pelecaniformes,Threskiornithidae,Phimosus,19,40,LC,LC,Stable,66
331,226,research,Phleocryptes melanops,Animalia,Chordata,Aves,Passeriformes,Furnariidae,Phleocryptes,19,13,LC,LC,Decreasing,22
332,223,research,Phoenicopterus chilensis,Animalia,Chordata,Aves,Phoenicopteriformes,Phoenicopteridae,Phoenicopterus,7,75,NT,VU,Decreasing,30
333,574,research,Phyllomyias burmeisteri,Animalia,Chordata,Aves,Passeriformes,Tyrannidae,Phyllomyias,1,11,LC,NE,Decreasing,1
334,204,research,Phylloscartes ventralis,Animalia,Chordata,Aves,Passeriformes,Tyrannidae,Phylloscartes,19,10,LC,LC,Decreasing,22
335,446,research,Phytotoma rutila,Animalia,Chordata,Aves,Passeriformes,Cotingidae,Phytotoma,16,17,LC,LC,Decreasing,13
336,196,research,Piaya cayana,Animalia,Chordata,Aves,Cuculiformes,Cuculidae,Piaya,19,44,LC,LC,Decreasing,25
337,538,research,Piculus aurulentus,Animalia,Chordata,Aves,Piciformes,Picidae,Piculus,1,21,NT,NE,Decreasing,3
338,357,research,Picumnus cirratus,Animalia,Chordata,Aves,Piciformes,Picidae,Picumnus,6,8,LC,DD,Decreasing,16
339,207,research,Picumnus nebulosus,Animalia,Chordata,Aves,Piciformes,Picidae,Picumnus,11,9,NT,LC,Decreasing,40
340,390,research,Pipraeidea melanonota,Animalia,Chordata,Aves,Passeriformes,Thraupidae,Pipraeidea,19,14,LC,LC,Stable,21
341,248,research,Piranga flava,Animalia,Chordata,Aves,Passeriformes,Cardinalidae,Piranga,19,17,LC,LC,Unknown,39
342,90,research,Pitangus sulphuratus,Animalia,Chordata,Aves,Passeriformes,Tyrannidae,Pitangus,19,22,LC,LC,Increasing,166
343,76,research,Platalea ajaja,Animalia,Chordata,Aves,Pelecaniformes,Threskiornithidae,Platalea,19,55,LC,LC,Stable,57
344,73,research,Plegadis chihi,Animalia,Chordata,Aves,Pelecaniformes,Threskiornithidae,Plegadis,19,40,LC,LC,Increasing,72
345,41,research,Pluvialis dominica,Animalia,Chordata,Aves,Charadriiformes,Charadriidae,Pluvialis,19,23,LC,LC,Decreasing,37
346,416,research,Pluvialis squatarola,Animalia,Chordata,Aves,Charadriiformes,Charadriidae,Pluvialis,7,25,LC,LC,Decreasing,3
347,551,research,Pluvianellus socialis,Animalia,Chordata,Aves,Charadriiformes,Pluvianellidae,Pluvianellus,1,18,NT,NE,Stable,2
348,164,research,Podiceps major,Animalia,Chordata,Aves,Podicipediformes,Podicipedidae,Podiceps,19,51,LC,LC,Stable,62
349,452,research,Podiceps occipitalis,Animalia,Chordata,Aves,Podicipediformes,Podicipedidae,Podiceps,1,26,LC,NE,Decreasing,4
350,230,research,Podilymbus podiceps,Animalia,Chordata,Aves,Podicipediformes,Podicipedidae,Podilymbus,19,29,LC,LC,Increasing,24
351,464,research,Poecilotriccus plumbeiceps,Animalia,Chordata,Aves,Passeriformes,Tyrannidae,Poecilotriccus,2,9,LC,NT,Stable,9
352,261,research,Polioptila dumicola,Animalia,Chordata,Aves,Passeriformes,Polioptilidae,Polioptila,19,11,LC,LC,Decreasing,58
353,315,research,Polystictus pectoralis,Animalia,Chordata,Aves,Passeriformes,Tyrannidae,Polystictus,19,9,NT,VU,Decreasing,9
354,199,research,Poospiza nigrorufa,Animalia,Chordata,Aves,Passeriformes,Thraupidae,Poospiza,19,13,LC,LC,Stable,52
355,412,research,Porphyrio martinica,Animalia,Chordata,Aves,Gruiformes,Rallidae,Porphyrio,19,32,LC,LC,NA,9
356,13,research,Porphyriops melanops,Animalia,Chordata,Aves,Gruiformes,Rallidae,Porphyriops,19,20,LC,LC,Stable,25
357,571,research,Porzana spiloptera,Animalia,Chordata,Aves,Gruiformes,Rallidae,Porzana,9,15,VU,EN,NA,2
358,413,research,Procellaria aequinoctialis,Animalia,Chordata,Aves,Procellariiformes,Procellariidae,Procellaria,6,56,VU,VU,Decreasing,7
359,56,research,Progne chalybea,Animalia,Chordata,Aves,Passeriformes,Hirundinidae,Progne,19,18,LC,LC,Stable,56
360,475,research,Progne elegans,Animalia,Chordata,Aves,Passeriformes,Hirundinidae,Progne,9,18,LC,LC,Stable,3
361,49,research,Progne tapera,Animalia,Chordata,Aves,Passeriformes,Hirundinidae,Progne,19,16,LC,LC,Decreasing,74
362,277,research,Pseudocolopteryx flaviventris,Animalia,Chordata,Aves,Passeriformes,Tyrannidae,Pseudocolopteryx,19,10,LC,LC,Decreasing,10
363,513,research,Pseudocolopteryx sclateri,Animalia,Chordata,Aves,Passeriformes,Tyrannidae,Pseudocolopteryx,14,9,LC,NT,Stable,3
364,355,research,Pseudoleistes guirahuro,Animalia,Chordata,Aves,Passeriformes,Icteridae,Pseudoleistes,15,22,LC,LC,Stable,16
365,91,research,Pseudoleistes virescens,Animalia,Chordata,Aves,Passeriformes,Icteridae,Pseudoleistes,19,21,LC,LC,Stable,82
366,301,research,Pseudoseisura lophotes,Animalia,Chordata,Aves,Passeriformes,Furnariidae,Pseudoseisura,19,23,LC,LC,Decreasing,11
367,387,research,Psittacara leucophthalmus,Animalia,Chordata,Aves,Psittaciformes,Psittacidae,Psittacara,13,33,LC,LC,Decreasing,8
368,323,research,Puffinus puffinus,Animalia,Chordata,Aves,Procellariiformes,Procellariidae,Puffinus,6,34,LC,LC,Unknown,2
369,132,research,Pygochelidon cyanoleuca,Animalia,Chordata,Aves,Passeriformes,Hirundinidae,Pygochelidon,19,11,LC,LC,Decreasing,32
370,44,research,Pyrocephalus rubinus,Animalia,Chordata,Aves,Passeriformes,Tyrannidae,Pyrocephalus,19,13,LC,LC,Increasing,123
371,599,research,Pyroderus scutatus,Animalia,Chordata,Aves,Passeriformes,Cotingidae,Pyroderus,1,41,LC,NE,Decreasing,1
372,365,research,Pyrrhura frontalis,Animalia,Chordata,Aves,Psittaciformes,Psittacidae,Pyrrhura,4,24,LC,LC,Stable,13
373,396,research,Ramphastos toco,Animalia,Chordata,Aves,Piciformes,Ramphastidae,Ramphastos,2,53,LC,NE,Decreasing,1
374,173,research,Rauenia bonariensis,Animalia,Chordata,Aves,Passeriformes,Thraupidae,Rauenia,19,17,LC,LC,Unknown,101
375,28,research,Rhea americana,Animalia,Chordata,Aves,Rheiformes,Rheidae,Rhea,19,140,NT,LC,Decreasing,101
376,583,research,Rhopospina fruticeti,Animalia,Chordata,Aves,Passeriformes,Thraupidae,Rhopospina,10,15,LC,NE,Stable,2
377,408,research,Rhynchotus rufescens,Animalia,Chordata,Aves,Tinamiformes,Tinamidae,Rhynchotus,19,41,LC,LC,Decreasing,13
378,522,research,Riparia riparia,Animalia,Chordata,Aves,Passeriformes,Hirundinidae,Riparia,19,11,LC,NE,Decreasing,1
379,23,research,Rollandia rolland,Animalia,Chordata,Aves,Podicipediformes,Podicipedidae,Rollandia,19,25,LC,LC,Decreasing,30
380,269,research,Rostrhamus sociabilis,Animalia,Chordata,Aves,Accipitriformes,Accipitridae,Rostrhamus,19,41,LC,LC,Stable,40
381,69,research,Rupornis magnirostris,Animalia,Chordata,Aves,Accipitriformes,Accipitridae,Rupornis,19,38,LC,LC,Increasing,102
382,85,research,Rynchops niger,Animalia,Chordata,Aves,Charadriiformes,Laridae,Rynchops,13,40,LC,LC,Decreasing,40
383,234,research,Saltator aurantiirostris,Animalia,Chordata,Aves,Passeriformes,Thraupidae,Saltator,19,18,LC,LC,Unknown,47
384,477,research,Saltator coerulescens,Animalia,Chordata,Aves,Passeriformes,Thraupidae,Saltator,4,20,LC,LC,Decreasing,4
385,350,research,Saltator similis,Animalia,Chordata,Aves,Passeriformes,Thraupidae,Saltator,19,19,LC,LC,Decreasing,20
386,227,research,Satrapa icterophrys,Animalia,Chordata,Aves,Passeriformes,Tyrannidae,Satrapa,19,16,LC,LC,Stable,22
387,363,research,Schoeniophylax phryganophilus,Animalia,Chordata,Aves,Passeriformes,Furnariidae,Schoeniophylax,19,18,LC,LC,Stable,12
388,526,research,Serpophaga griseicapilla,Animalia,Chordata,Aves,Passeriformes,Tyrannidae,Serpophaga,19,9,LC,NE,Stable,5
389,278,research,Serpophaga nigricans,Animalia,Chordata,Aves,Passeriformes,Tyrannidae,Serpophaga,19,11,LC,LC,Stable,49
390,265,research,Serpophaga subcristata,Animalia,Chordata,Aves,Passeriformes,Tyrannidae,Serpophaga,19,9,LC,LC,Stable,43
391,327,research,Setopagis parvula,Animalia,Chordata,Aves,Caprimulgiformes,Caprimulgidae,Setopagis,19,20,LC,LC,Stable,6
392,124,research,Setophaga pitiayumi,Animalia,Chordata,Aves,Passeriformes,Parulidae,Setophaga,19,9,LC,LC,Decreasing,88
393,11,research,Sicalis flaveola,Animalia,Chordata,Aves,Passeriformes,Thraupidae,Sicalis,19,12,LC,LC,Stable,191
394,202,research,Sicalis luteola,Animalia,Chordata,Aves,Passeriformes,Thraupidae,Sicalis,19,12,LC,LC,Increasing,31
395,370,research,Sittasomus griseicapillus,Animalia,Chordata,Aves,Passeriformes,Furnariidae,Sittasomus,1,14,LC,NT,Decreasing,9
396,497,research,Spartonoica maluroides,Animalia,Chordata,Aves,Passeriformes,Furnariidae,Spartonoica,19,13,NT,VU,Decreasing,4
397,404,research,Spatula cyanoptera,Animalia,Chordata,Aves,Anseriformes,Anatidae,Spatula,9,37,LC,NT,Decreasing,4
398,336,research,Spatula platalea,Animalia,Chordata,Aves,Anseriformes,Anatidae,Spatula,19,43,LC,LC,Stable,8
399,185,research,Spatula versicolor,Animalia,Chordata,Aves,Anseriformes,Anatidae,Spatula,19,37,LC,LC,Stable,38
400,19,research,Spheniscus magellanicus,Animalia,Chordata,Aves,Sphenisciformes,Spheniscidae,Spheniscus,6,47,NT,NT,Decreasing,49
401,163,research,Spinus magellanicus,Animalia,Chordata,Aves,Passeriformes,Fringillidae,Spinus,19,12,LC,LC,Stable,93
402,249,research,Sporophila caerulescens,Animalia,Chordata,Aves,Passeriformes,Thraupidae,Sporophila,19,11,LC,LC,Increasing,37
403,303,research,Sporophila cinnamomea,Animalia,Chordata,Aves,Passeriformes,Thraupidae,Sporophila,19,9,VU,VU,Decreasing,35
404,144,research,Sporophila collaris,Animalia,Chordata,Aves,Passeriformes,Thraupidae,Sporophila,14,11,LC,VU,Stable,20
405,411,research,Sporophila hypochroma,Animalia,Chordata,Aves,Passeriformes,Thraupidae,Sporophila,11,9,NT,VU,Decreasing,4
406,399,research,Sporophila hypoxantha,Animalia,Chordata,Aves,Passeriformes,Thraupidae,Sporophila,9,9,LC,NE,Stable,2
407,582,research,Sporophila leucoptera,Animalia,Chordata,Aves,Passeriformes,Thraupidae,Sporophila,1,11,LC,NE,Stable,1
408,317,research,Sporophila palustris,Animalia,Chordata,Aves,Passeriformes,Thraupidae,Sporophila,9,9,EN,VU,Decreasing,16
409,558,research,Sporophila pileata,Animalia,Chordata,Aves,Passeriformes,Thraupidae,Sporophila,2,11,LC,NT,Decreasing,1
410,321,research,Sporophila ruficollis,Animalia,Chordata,Aves,Passeriformes,Thraupidae,Sporophila,7,9,NT,VU,Decreasing,32
411,371,research,Stelgidopteryx ruficollis,Animalia,Chordata,Aves,Passeriformes,Hirundinidae,Stelgidopteryx,19,13,LC,LC,Stable,14
412,235,research,Stephanophorus diadematus,Animalia,Chordata,Aves,Passeriformes,Thraupidae,Stephanophorus,19,18,LC,LC,Stable,69
413,572,research,Stercorarius antarcticus,Animalia,Chordata,Aves,Charadriiformes,Stercorariidae,Stercorarius,5,60,NE,LC,NA,4
414,573,research,Stercorarius chilensis,Animalia,Chordata,Aves,Charadriiformes,Stercorariidae,Stercorarius,2,54,LC,NE,Unknow,3
415,577,research,Stercorarius maccormicki,Animalia,Chordata,Aves,Charadriiformes,Stercorariidae,Stercorarius,1,52,LC,NE,Unknow,1
416,403,research,Stercorarius parasiticus,Animalia,Chordata,Aves,Charadriiformes,Stercorariidae,Stercorarius,6,39,LC,LC,Stable,4
417,237,research,Sterna hirundinacea,Animalia,Chordata,Aves,Charadriiformes,Laridae,Sterna,9,38,LC,LC,Decreasing,25
418,310,research,Sterna hirundo,Animalia,Chordata,Aves,Charadriiformes,Laridae,Sterna,5,31,LC,LC,Unknown,15
419,575,research,Sterna paradisaea,Animalia,Chordata,Aves,Charadriiformes,Laridae,Sterna,3,34,LC,NE,Decreasing,1
420,87,research,Sterna trudeaui,Animalia,Chordata,Aves,Charadriiformes,Laridae,Sterna,13,32,LC,LC,Stable,43
421,292,research,Sternula superciliaris,Animalia,Chordata,Aves,Charadriiformes,Laridae,Sternula,19,23,LC,LC,Stable,33
422,604,research,Stilpnia peruviana,Animalia,Chordata,Aves,Passeriformes,Thraupidae,Stilpnia,1,14,VU,NE,Unknow,3
423,151,research,Stilpnia preciosa,Animalia,Chordata,Aves,Passeriformes,Thraupidae,Stilpnia,17,15,LC,LC,Unknown,63
424,129,research,Sturnus vulgaris,Animalia,Chordata,Aves,Passeriformes,Sturnidae,Sturnus,19,20,LC,NE,Decreasing,38
425,514,research,Sublegatus modestus,Animalia,Chordata,Aves,Passeriformes,Tyrannidae,Sublegatus,19,13,LC,LC,Increasing,3
426,552,research,Suiriri suiriri,Animalia,Chordata,Aves,Passeriformes,Tyrannidae,Suiriri,19,13,LC,LC,Decreasing,6
427,605,research,Sula dactylatra,Animalia,Chordata,Aves,Suliformes,Sulidae,Sula,6,87,LC,NE,Decreasing,1
428,580,research,Synallaxis albescens,Animalia,Chordata,Aves,Passeriformes,Furnariidae,Synallaxis,14,14,LC,LC,Stable,2
429,373,research,Synallaxis frontalis,Animalia,Chordata,Aves,Passeriformes,Furnariidae,Synallaxis,19,15,LC,LC,Increasing,12
430,358,research,Synallaxis spixi,Animalia,Chordata,Aves,Passeriformes,Furnariidae,Synallaxis,19,15,LC,LC,Increasing,20
431,338,research,Syndactyla rufosuperciliata,Animalia,Chordata,Aves,Passeriformes,Furnariidae,Syndactyla,19,16,LC,LC,Stable,16
432,55,research,Syrigma sibilatrix,Animalia,Chordata,Aves,Pelecaniformes,Ardeidae,Syrigma,19,48,LC,LC,Unknown,75
433,434,research,Systellura longirostris,Animalia,Chordata,Aves,Caprimulgiformes,Caprimulgidae,Systellura,12,23,LC,NE,Stable,1
434,354,research,Tachuris rubrigastra,Animalia,Chordata,Aves,Passeriformes,Tyrannidae,Tachuris,16,10,LC,LC,Stable,11
435,319,research,Tachybaptus dominicus,Animalia,Chordata,Aves,Podicipediformes,Podicipedidae,Tachybaptus,9,21,LC,LC,Stable,7
436,493,research,Tachycineta leucopyga,Animalia,Chordata,Aves,Passeriformes,Hirundinidae,Tachycineta,14,13,LC,LC,NA,7
437,186,research,Tachycineta leucorrhoa,Animalia,Chordata,Aves,Passeriformes,Hirundinidae,Tachycineta,19,13,LC,LC,Increasing,48
438,537,research,Tachyphonus coronatus,Animalia,Chordata,Aves,Passeriformes,Thraupidae,Tachyphonus,5,16,LC,NE,Stable,3
439,407,research,Tapera naevia,Animalia,Chordata,Aves,Cuculiformes,Cuculidae,Tapera,19,28,LC,LC,Stable,10
440,353,research,Thalassarche chlororhynchos,Animalia,Chordata,Aves,Procellariiformes,Diomedeidae,Thalassarche,6,81,EN,EN,Decreasing,2
441,400,research,Thalassarche melanophris,Animalia,Chordata,Aves,Procellariiformes,Diomedeidae,Thalassarche,6,90,LC,LC,Increasing,12
442,252,research,Thalasseus maximus,Animalia,Chordata,Aves,Charadriiformes,Laridae,Thalasseus,8,44,LC,CR,Stable,42
443,251,research,Thalasseus sandvicensis,Animalia,Chordata,Aves,Charadriiformes,Laridae,Thalasseus,9,40,LC,NE,Stable,9
444,138,research,Thamnophilus caerulescens,Animalia,Chordata,Aves,Passeriformes,Thamnophilidae,Thamnophilus,19,13,LC,LC,Decreasing,37
445,166,research,Thamnophilus ruficapillus,Animalia,Chordata,Aves,Passeriformes,Thamnophilidae,Thamnophilus,19,16,LC,LC,Decreasing,29
446,25,research,Theristicus caerulescens,Animalia,Chordata,Aves,Pelecaniformes,Threskiornithidae,Theristicus,19,62,LC,LC,Stable,88
447,156,research,Theristicus caudatus,Animalia,Chordata,Aves,Pelecaniformes,Threskiornithidae,Theristicus,19,57,LC,LC,Stable,38
448,444,research,Thinocorus rumicivorus,Animalia,Chordata,Aves,Charadriiformes,Thinocoridae,Thinocorus,8,19,LC,LC,Stable,4
449,244,research,Thraupis sayaca,Animalia,Chordata,Aves,Passeriformes,Thraupidae,Thraupis,19,15,LC,LC,NA,42
450,67,research,Tigrisoma lineatum,Animalia,Chordata,Aves,Pelecaniformes,Ardeidae,Tigrisoma,19,62,LC,LC,Stable,46
451,424,research,Tolmomyias sulphurescens,Animalia,Chordata,Aves,Passeriformes,Tyrannidae,Tolmomyias,1,13,LC,NE,Decreasing,12
452,52,research,Tringa flavipes,Animalia,Chordata,Aves,Charadriiformes,Scolopacidae,Tringa,19,25,LC,LC,Decreasing,47
453,98,research,Tringa melanoleuca,Animalia,Chordata,Aves,Charadriiformes,Scolopacidae,Tringa,19,33,LC,LC,Stable,88
454,457,research,Tringa solitaria,Animalia,Chordata,Aves,Charadriiformes,Scolopacidae,Tringa,19,20,LC,LC,Decreasing,6
455,187,research,Troglodytes aedon,Animalia,Chordata,Aves,Passeriformes,Troglodytidae,Troglodytes,19,10,LC,LC,Increasing,63
456,527,research,Trogon surrucura,Animalia,Chordata,Aves,Trogoniformes,Trogonidae,Trogon,2,24,LC,NE,Decreasing,16
457,345,research,Turdus albicollis,Animalia,Chordata,Aves,Passeriformes,Turdidae,Turdus,19,19,LC,LC,Decreasing,12
458,114,research,Turdus amaurochalinus,Animalia,Chordata,Aves,Passeriformes,Turdidae,Turdus,19,21,LC,LC,Stable,86
459,601,research,Turdus flavipes,Animalia,Chordata,Aves,Passeriformes,Turdidae,Turdus,1,21,LC,NE,Stable,2
460,523,research,Turdus leucomelas,Animalia,Chordata,Aves,Passeriformes,Turdidae,Turdus,2,21,LC,LC,Stable,3
461,79,research,Turdus rufiventris,Animalia,Chordata,Aves,Passeriformes,Turdidae,Turdus,19,23,LC,LC,Stable,175
462,520,research,Turdus subalaris,Animalia,Chordata,Aves,Passeriformes,Turdidae,Turdus,6,20,LC,NE,Unknown,2
463,118,research,Tyrannus melancholicus,Animalia,Chordata,Aves,Passeriformes,Tyrannidae,Tyrannus,19,20,LC,LC,Increasing,90
464,39,research,Tyrannus savana,Animalia,Chordata,Aves,Passeriformes,Tyrannidae,Tyrannus,19,38,LC,LC,Stable,120
465,449,research,Tyrannus tyrannus,Animalia,Chordata,Aves,Passeriformes,Tyrannidae,Tyrannus,1,18,LC,NE,Decreasing,1
466,401,research,Tyto alba,Animalia,Chordata,Aves,Strigiformes,Tytonidae,Tyto,19,38,LC,LC,Stable,4
467,21,research,Vanellus chilensis,Animalia,Chordata,Aves,Charadriiformes,Charadriidae,Vanellus,19,32,LC,LC,Increasing,238
468,245,research,Vireo chivi,Animalia,Chordata,Aves,Passeriformes,Vireonidae,Vireo,19,14,LC,LC,Stable,15
469,458,research,Volatinia jacarina,Animalia,Chordata,Aves,Passeriformes,Thraupidae,Volatinia,19,10,LC,LC,Increasing,9
470,224,research,Xanthopsar flavus,Animalia,Chordata,Aves,Passeriformes,Icteridae,Xanthopsar,12,19,VU,VU,Decreasing,16
471,565,research,Xenopsaris albinucha,Animalia,Chordata,Aves,Passeriformes,Tityridae,Xenopsaris,3,13,LC,NE,Stable,5
472,46,research,Xolmis irupero,Animalia,Chordata,Aves,Passeriformes,Tyrannidae,Xolmis,19,17,LC,LC,Stable,98
473,62,research,Zenaida auriculata,Animalia,Chordata,Aves,Columbiformes,Columbidae,Zenaida,19,23,LC,LC,Increasing,129
474,40,research,Zonotrichia capensis,Animalia,Chordata,Aves,Passeriformes,Passerellidae,Zonotrichia,19,12,LC,LC,Increasing,183
475,429,research,Akodon azarae,Animalia,Chordata,Mammalia,Rodentia,Cricetidae,Akodon,19,17,LC,LC,Stable,2
476,467,research,Alouatta caraya,Animalia,Chordata,Mammalia,Primates,Atelidae,Alouatta,1,57,NT,NE,Decreasing,1
477,32,research,Arctocephalus australis,Animalia,Chordata,Mammalia,Carnivora,Otariidae,Arctocephalus,7,150,LC,LC,Increasing,58
478,517,research,Arctocephalus gazella,Animalia,Chordata,Mammalia,Carnivora,Otariidae,Arctocephalus,2,150,LC,NE,Decreasing,2
479,600,research,Arctocephalus tropicalis,Animalia,Chordata,Mammalia,Carnivora,Otariidae,Arctocephalus,3,"1,6",LC,NE,Stable,8
480,213,research,Axis axis,Animalia,Chordata,Mammalia,Artiodactyla,Cervidae,Axis,13,140,LC,LC,Unknown,41
481,554,research,Balaenoptera acutorostrata,Animalia,Chordata,Mammalia,Artiodactyla,Balaenopteridae,Balaenoptera,6,625,LC,NE,Unknown,1
482,588,research,Cabassous tatouay,Animalia,Chordata,Mammalia,Cingulata,Chlamyphoridae,Cabassous,4,70,LC,EN,Unknown,1
483,470,research,Calomys laucha,Animalia,Chordata,Mammalia,Rodentia,Cricetidae,Calomys,19,13,LC,LC,Unknown,5
485,448,research,Capra hircus,Animalia,Chordata,Mammalia,Artiodactyla,Bovidae,Capra,12,125,NE,NE,Unknow,1
486,42,research,Cavia aperea,Animalia,Chordata,Mammalia,Rodentia,Caviidae,Cavia,19,24,LC,LC,Stable,70
487,37,research,Cerdocyon thous,Animalia,Chordata,Mammalia,Carnivora,Canidae,Cerdocyon,19,110,LC,LC,Stable,40
489,232,research,Coendou spinosus,Animalia,Chordata,Mammalia,Rodentia,Erethizontidae,Coendou,7,72,LC,VU,Unknown,9
490,94,research,Conepatus chinga,Animalia,Chordata,Mammalia,Carnivora,Mephitidae,Conepatus,19,57,LC,NT,Decreasing,64
491,159,research,Ctenomys pearsoni,Animalia,Chordata,Mammalia,Rodentia,Ctenomyidae,Ctenomys,6,26,NT,VU,Decreasing,25
492,536,research,Ctenomys torquatus,Animalia,Chordata,Mammalia,Rodentia,Ctenomyidae,Ctenomys,12,26,LC,LC,Unknown,3
493,295,research,Cuniculus paca,Animalia,Chordata,Mammalia,Rodentia,Cuniculidae,Cuniculus,1,65,LC,VU,Stable,3
494,525,research,Dama dama,Animalia,Chordata,Mammalia,Artiodactyla,Cervidae,Dama,1,145,LC,NE,Unknown,2
495,36,research,Dasypus novemcinctus,Animalia,Chordata,Mammalia,Cingulata,Dasypodidae,Dasypus,19,70,LC,LC,Stable,37
496,221,research,Dasypus septemcinctus,Animalia,Chordata,Mammalia,Cingulata,Dasypodidae,Dasypus,19,45,LC,NE,Unknown,10
497,378,research,Delphinus delphis,Animalia,Chordata,Mammalia,Artiodactyla,Delphinidae,Delphinus,3,230,LC,NE,Unknown,1
498,459,research,Desmodus rotundus,Animalia,Chordata,Mammalia,Chiroptera,Phyllostomidae,Desmodus,19,9,LC,LC,Stable,4
499,92,research,Didelphis albiventris,Animalia,Chordata,Mammalia,Didelphimorphia,Didelphidae,Didelphis,19,90,LC,LC,Stable,40
500,66,research,Eptesicus diminutus,Animalia,Chordata,Mammalia,Chiroptera,Vespertilionidae,Eptesicus,4,9,LC,NE,Unknown,2
501,598,research,Eptesicus furinalis,Animalia,Chordata,Mammalia,Chiroptera,Vespertilionidae,Eptesicus,19,11,LC,LC,Unknown,3
504,176,research,Eubalaena australis,Animalia,Chordata,Mammalia,Artiodactyla,Balaenidae,Eubalaena,4,1400,LC,EN,Unknown,13
505,603,research,Eumops bonariensis,Animalia,Chordata,Mammalia,Chiroptera,Molossidae,Eumops,19,11,LC,LC,Unknown,3
506,351,research,Euphractus sexcinctus,Animalia,Chordata,Mammalia,Cingulata,Chlamyphoridae,Euphractus,19,62,LC,NT,Stable,23
508,284,research,Galictis cuja,Animalia,Chordata,Mammalia,Carnivora,Mustelidae,Galictis,19,62,LC,LC,Unknown,17
509,362,research,Histiotus montanus,Animalia,Chordata,Mammalia,Chiroptera,Vespertilionidae,Histiotus,19,11,LC,LC,Unknown,2
510,406,research,Holochilus brasiliensis,Animalia,Chordata,Mammalia,Rodentia,Cricetidae,Holochilus,19,39,LC,LC,Stable,6
511,161,research,Hydrochoerus hydrochaeris,Animalia,Chordata,Mammalia,Rodentia,Caviidae,Hydrochoerus,19,115,LC,NT,Stable,95
512,590,research,Lagenodelphis hosei,Animalia,Chordata,Mammalia,Artiodactyla,Delphinidae,Lagenodelphis,5,235,LC,NE,Unknown,1
513,330,research,Lasiurus blossevillii,Animalia,Chordata,Mammalia,Chiroptera,Vespertilionidae,Lasiurus,19,10,LC,LC,Unknown,3
514,331,research,Lasiurus ega,Animalia,Chordata,Mammalia,Chiroptera,Vespertilionidae,Lasiurus,19,12,LC,LC,Unknown,9
515,214,research,Leopardus geoffroyi,Animalia,Chordata,Mammalia,Carnivora,Felidae,Leopardus,19,90,LC,NT,Stable,26
516,386,research,Leopardus munoai,Animalia,Chordata,Mammalia,Carnivora,Felidae,Leopardus,17,83,CR,CR,NA,2
517,236,research,Leopardus wiedii,Animalia,Chordata,Mammalia,Carnivora,Felidae,Leopardus,8,102,NT,VU,Decreasing,26
518,170,research,Lepus europaeus,Animalia,Chordata,Mammalia,Lagomorpha,Leporidae,Lepus,19,65,LC,LC,Decreasing,48
519,283,research,Lontra longicaudis,Animalia,Chordata,Mammalia,Carnivora,Mustelidae,Lontra,19,114,NT,NT,Decreasing,30
520,441,research,Lutreolina crassicaudata,Animalia,Chordata,Mammalia,Didelphimorphia,Didelphidae,Lutreolina,19,62,LC,NT,Unknown,2
521,93,research,Lycalopex gymnocercus,Animalia,Chordata,Mammalia,Carnivora,Canidae,Lycalopex,19,97,LC,NT,Stable,72
522,268,research,Mazama gouazoubira,Animalia,Chordata,Mammalia,Artiodactyla,Cervidae,Mazama,19,210,LC,NT,Decreasing,48
523,518,research,Megaptera novaeangliae,Animalia,Chordata,Mammalia,Artiodactyla,Balaenopteridae,Megaptera,3,1450,LC,NE,Increasing,2
524,177,research,Mirounga leonina,Animalia,Chordata,Mammalia,Carnivora,Phocidae,Mirounga,5,450,LC,NE,Stable,8
525,376,research,Molossus molossus,Animalia,Chordata,Mammalia,Chiroptera,Molossidae,Molossus,19,10,LC,LC,Unknown,3
526,152,research,Monodelphis dimidiata,Animalia,Chordata,Mammalia,Didelphimorphia,Didelphidae,Monodelphis,10,24,LC,LC,Stable,5
527,348,research,Mus musculus,Animalia,Chordata,Mammalia,Rodentia,Muridae,Mus,19,15,LC,LC,Stable,5
528,126,research,Myocastor coypus,Animalia,Chordata,Mammalia,Rodentia,Echimyidae,Myocastor,19,85,LC,LC,Decreasing,62
529,597,research,Myotis albescens,Animalia,Chordata,Mammalia,Chiroptera,Vespertilionidae,Myotis,19,8,LC,LC,Stable,1
530,134,research,Myotis levis,Animalia,Chordata,Mammalia,Chiroptera,Vespertilionidae,Myotis,19,8,LC,LC,Unknown,2
531,332,research,Nasua nasua,Animalia,Chordata,Mammalia,Carnivora,Procyonidae,Nasua,7,112,LC,VU,Decreasing,12
532,534,research,Oligoryzomys flavescens,Animalia,Chordata,Mammalia,Rodentia,Cricetidae,Oligoryzomys,19,19,LC,LC,Stable,6
534,8,research,Otaria byronia,Animalia,Chordata,Mammalia,Carnivora,Otariidae,Otaria,5,210,LC,LC,Stable,92
535,430,research,Oxymycterus josei,Animalia,Chordata,Mammalia,Rodentia,Cricetidae,Oxymycterus,9,23,NT,VU,Decreasing,1
536,392,research,Oxymycterus nasutus,Animalia,Chordata,Mammalia,Rodentia,Cricetidae,Oxymycterus,9,23,LC,EN,Unknown,1
537,288,research,Ozotoceros bezoarticus,Animalia,Chordata,Mammalia,Artiodactyla,Cervidae,Ozotoceros,2,129,NT,VU,Decreasing,4
538,463,research,Pecari tajacu,Animalia,Chordata,Mammalia,Artiodactyla,Tayassuidae,Pecari,1,95,LC,CR,Stable,3
539,368,research,Physeter macrocephalus,Animalia,Chordata,Mammalia,Artiodactyla,Physeteridae,Physeter,2,1300,VU,VU,Unknown,1
540,289,research,Pontoporia blainvillei,Animalia,Chordata,Mammalia,Artiodactyla,Pontoporiidae,Pontoporia,6,145,VU,VU,Decreasing,21
541,7,research,Procyon cancrivorus,Animalia,Chordata,Mammalia,Carnivora,Procyonidae,Procyon,19,107,LC,LC,Decreasing,63
542,469,research,Pseudorca crassidens,Animalia,Chordata,Mammalia,Artiodactyla,Delphinidae,Pseudorca,4,500,NT,NE,Unknown,2
543,540,research,Rattus rattus,Animalia,Chordata,Mammalia,Rodentia,Muridae,Rattus,19,40,LC,LC,Stable,4
544,453,research,Reithrodon typicus,Animalia,Chordata,Mammalia,Rodentia,Cricetidae,Reithrodon,19,25,LC,LC,Stable,2
545,312,research,Sturnira lilium,Animalia,Chordata,Mammalia,Chiroptera,Phyllostomidae,Sturnira,9,7,LC,VU,Stable,1
546,225,research,Sus scrofa,Animalia,Chordata,Mammalia,Artiodactyla,Suidae,Sus,19,177,LC,LC,Unknown,18
547,133,research,Tadarida brasiliensis,Animalia,Chordata,Mammalia,Chiroptera,Molossidae,Tadarida,19,10,LC,LC,Stable,9
548,296,research,Tamandua tetradactyla,Animalia,Chordata,Mammalia,Pilosa,Myrmecophagidae,Tamandua,5,112,LC,EN,Unknown,9
549,181,research,Tursiops truncatus,Animalia,Chordata,Mammalia,Artiodactyla,Delphinidae,Tursiops,6,300,LC,NT,Unknown,10
550,532,research,Wilfredomys oenax,Animalia,Chordata,Mammalia,Rodentia,Cricetidae,Wilfredomys,8,29,EN,NT,Unknown,2
551,180,research,Acanthochelys spixii,Animalia,Chordata,Reptilia,Testudines,Chelidae,Acanthochelys,7,18,NT,LC,NA,11
552,103,research,Amphisbaena darwinii,Animalia,Chordata,Reptilia,Squamata,Amphisbaenidae,Amphisbaena,13,28,NE,LC,NA,32
553,175,research,Amphisbaena kingii,Animalia,Chordata,Reptilia,Squamata,Amphisbaenidae,Amphisbaena,19,22,NE,LC,Unknown,10
554,97,research,Amphisbaena munoai,Animalia,Chordata,Reptilia,Squamata,Amphisbaenidae,Amphisbaena,12,15,NE,LC,Stable,3
555,524,research,Aspronema dorsivittatum,Animalia,Chordata,Reptilia,Squamata,Scincidae,Aspronema,19,9,NE,LC,Stable,4
556,426,research,Boiruna maculata,Animalia,Chordata,Reptilia,Squamata,Colubridae,Boiruna,19,160,NE,LC,Stable,4
557,102,research,Bothrops alternatus,Animalia,Chordata,Reptilia,Squamata,Viperidae,Bothrops,19,150,NE,LC,Unknown,50
558,231,research,Bothrops pubescens,Animalia,Chordata,Reptilia,Squamata,Viperidae,Bothrops,14,150,NE,LC,Unknown,54
559,447,research,Caiman latirostris,Animalia,Chordata,Reptilia,Crocodylia,Alligatoridae,Caiman,11,250,LC,LC,Stable,8
560,239,research,Calamodontophis paucidens,Animalia,Chordata,Reptilia,Squamata,Colubridae,Calamodontophis,3,40,VU,DD,Unknown,3
561,263,research,Caretta caretta,Animalia,Chordata,Reptilia,Testudines,Cheloniidae,Caretta,4,80,VU,VU,Decreasing,24
562,356,research,Cercosaura schreibersii,Animalia,Chordata,Reptilia,Squamata,Gymnophthalmidae,Cercosaura,19,5,LC,LC,Stable,35
563,84,research,Chelonia mydas,Animalia,Chordata,Reptilia,Testudines,Cheloniidae,Chelonia,5,92,EN,VU,Decreasing,17
564,271,research,Chironius gouveai,Animalia,Chordata,Reptilia,Squamata,Colubridae,Chironius,5,180,LC,LC,Unknow,6
565,154,research,Contomastix lacertoides,Animalia,Chordata,Reptilia,Squamata,Teiidae,Contomastix,17,7,NE,LC,Unknown,15
566,391,research,Dermochelys coriacea,Animalia,Chordata,Reptilia,Testudines,Dermochelyidae,Dermochelys,6,170,VU,CR,Decreasing,6
567,344,research,Dipsas turgida,Animalia,Chordata,Reptilia,Squamata,Colubridae,Dipsas,3,45,LC,LC,Stable,6
568,383,research,Epictia munoai,Animalia,Chordata,Reptilia,Squamata,Leptotyphlopidae,Epictia,19,20,NE,LC,Unknown,5
569,384,research,Erythrolamprus almadensis,Animalia,Chordata,Reptilia,Squamata,Colubridae,Erythrolamprus,4,66,NE,LC,Stable,6
570,307,research,Erythrolamprus jaegeri,Animalia,Chordata,Reptilia,Squamata,Colubridae,Erythrolamprus,19,61,LC,LC,Unknown,12
571,96,research,Erythrolamprus poecilogyrus,Animalia,Chordata,Reptilia,Squamata,Colubridae,Erythrolamprus,19,70,NE,LC,Increasing,64
572,328,research,Erythrolamprus semiaureus,Animalia,Chordata,Reptilia,Squamata,Colubridae,Erythrolamprus,19,100,NE,LC,Stable,24
573,215,research,Helicops infrataeniatus,Animalia,Chordata,Reptilia,Squamata,Colubridae,Helicops,19,100,NE,LC,Stable,6
574,314,research,Hemidactylus mabouia,Animalia,Chordata,Reptilia,Squamata,Gekkonidae,Hemidactylus,3,7,LC,NE,Stable,5
575,324,research,Homonota uruguayensis,Animalia,Chordata,Reptilia,Squamata,Phyllodactylidae,Homonota,9,5,NE,VU,Decreasing,6
576,194,research,Hydromedusa tectifera,Animalia,Chordata,Reptilia,Testudines,Chelidae,Hydromedusa,19,30,NE,LC,NA,23
577,290,research,Liolaemus occipitalis,Animalia,Chordata,Reptilia,Squamata,Liolaemidae,Liolaemus,1,6,VU,EN,Decreasing,1
578,150,research,Liolaemus wiegmannii,Animalia,Chordata,Reptilia,Squamata,Liolaemidae,Liolaemus,7,6,LC,VU,Stable,27
579,143,research,Lygophis anomalus,Animalia,Chordata,Reptilia,Squamata,Colubridae,Lygophis,19,62,NE,LC,Stable,60
580,547,research,Lygophis flavifrenatus,Animalia,Chordata,Reptilia,Squamata,Colubridae,Lygophis,5,72,NE,LC,Stable,1
581,182,research,Micrurus altirostris,Animalia,Chordata,Reptilia,Squamata,Elapidae,Micrurus,19,90,NE,LC,Unknown,18
582,219,research,Ophiodes intermedius,Animalia,Chordata,Reptilia,Squamata,Diploglossidae,Ophiodes,6,25,LC,LC,Stable,6
583,203,research,Ophiodes striatus,Animalia,Chordata,Reptilia,Squamata,Diploglossidae,Ophiodes,19,26,NE,LC,Unknown,22
584,318,research,Ophiodes vertebralis,Animalia,Chordata,Reptilia,Squamata,Diploglossidae,Ophiodes,19,20,NE,LC,Unknown,11
585,212,research,Oxyrhopus rhombifer,Animalia,Chordata,Reptilia,Squamata,Colubridae,Oxyrhopus,19,90,NE,LC,Stable,19
586,335,research,Paraphimophis rusticus,Animalia,Chordata,Reptilia,Squamata,Colubridae,Paraphimophis,19,180,NE,LC,NA,11
587,128,research,Phalotris lemniscatus,Animalia,Chordata,Reptilia,Squamata,Colubridae,Phalotris,19,68,LC,LC,Stable,24
588,183,research,Philodryas aestiva,Animalia,Chordata,Reptilia,Squamata,Colubridae,Philodryas,19,100,NE,LC,Stable,36
589,546,research,Philodryas agassizii,Animalia,Chordata,Reptilia,Squamata,Colubridae,Philodryas,19,50,NE,LC,Decreasing,1
590,393,research,Philodryas olfersii,Animalia,Chordata,Reptilia,Squamata,Colubridae,Philodryas,4,150,NE,LC,Stable,6
591,108,research,Philodryas patagoniensis,Animalia,Chordata,Reptilia,Squamata,Colubridae,Philodryas,19,150,LC,LC,Stable,91
592,145,research,Phrynops hilarii,Animalia,Chordata,Reptilia,Testudines,Chelidae,Phrynops,19,34,NE,LC,NA,27
593,417,research,Phrynops williamsi,Animalia,Chordata,Reptilia,Testudines,Chelidae,Phrynops,6,33,VU,NT,Decreasing,7
594,369,research,Psomophis obtusus,Animalia,Chordata,Reptilia,Squamata,Colubridae,Psomophis,19,41,LC,LC,Stable,10
595,106,research,Salvator merianae,Animalia,Chordata,Reptilia,Squamata,Teiidae,Salvator,19,140,LC,LC,Stable,155
596,465,research,Taeniophallus occipitalis,Animalia,Chordata,Reptilia,Squamata,Colubridae,Taeniophallus,9,55,NE,LC,Stable,13
597,385,research,Taeniophallus poecilopogon,Animalia,Chordata,Reptilia,Squamata,Colubridae,Taeniophallus,3,45,NE,VU,Unknown,4
598,313,research,Tantilla melanocephala,Animalia,Chordata,Reptilia,Squamata,Colubridae,Tantilla,13,38,NE,LC,Stable,4
599,293,research,Tarentola mauritanica,Animalia,Chordata,Reptilia,Squamata,Phyllodactylidae,Tarentola,1,5,LC,CR,Stable,6
600,105,research,Teius oculatus,Animalia,Chordata,Reptilia,Squamata,Teiidae,Teius,19,12,NE,LC,Unknown,27
601,195,research,Thamnodynastes hypoconia,Animalia,Chordata,Reptilia,Squamata,Colubridae,Thamnodynastes,19,65,NE,LC,Stable,40
602,218,research,Thamnodynastes strigatus,Animalia,Chordata,Reptilia,Squamata,Colubridae,Thamnodynastes,19,80,LC,LC,Unknown,10
603,220,research,Tomodon ocellatus,Animalia,Chordata,Reptilia,Squamata,Colubridae,Tomodon,19,54,NE,LC,Unknown,38
604,189,research,Trachemys dorbigni,Animalia,Chordata,Reptilia,Testudines,Emydidae,Trachemys,19,26,NE,LC,NA,52
605,282,research,Tropidurus torquatus,Animalia,Chordata,Reptilia,Squamata,Tropiduridae,Tropidurus,4,15,LC,LC,Unknown,6
606,107,research,Xenodon dorbignyi,Animalia,Chordata,Reptilia,Squamata,Colubridae,Xenodon,19,70,NE,LC,Unknown,54
